<?xml version="1.0" encoding="UTF-8"?>
<odoo>
    <data noupdate="0">
        <!-- Estructuras Salariales -->
        <record id="base_retroactivo" model="hr.payroll.structure">
            <field name="code">RETRO-BOL</field>
            <field name="name">RETROACTIVO</field>
            <field name="type_id" ref="l10n_bo_hr.hr_payroll_salary_structure_type_bo"/>
            <field name="country_id" ref="base.bo"/>
        </record>

        <record id="hr_rule_basic_retro" model="hr.salary.rule">
            <field name="name">Salario Básico</field>
            <field name="sequence" eval="1"/>
            <field name="code">BASICBO</field>
            <field name="category_id" ref="l10n_bo_hr.BASICBO"/>
            <field name="condition_select">none</field>
            <field name="amount_select">code</field>
            <field name="amount_python_compute">result = payslip.paid_amount</field>
            <field name="struct_id" ref="l10n_bo_hr.base_retroactivo"/>
        </record>

        <record id="hr_rule_min_wage_retro" model="hr.salary.rule">
            <field name="name">Sueldo Minimo Anterior</field>
            <field name="sequence">0</field>
            <field name="code">min_wage_ant</field>
            <field name="appears_on_payslip" eval="False"></field>
            <field name="category_id" ref="l10n_bo_hr.hr_const"/>
            <field name="condition_select">none</field>
            <field name="amount_select">code</field>
            <field name="amount_python_compute">result = contract.company_id.sueldo_min_ant</field>
            <field name="struct_id" ref="l10n_bo_hr.base_retroactivo"/>
        </record>

        <record id="hr_rule_bono_a_retro" model="hr.salary.rule">
            <field name="name">Bono Antiguedad Anterior</field>
            <field name="sequence">6</field>
            <field name="code">BONO_ANAN</field>
            <field name="appears_on_payslip" eval="True"></field>
            <field name="category_id" ref="l10n_bo_hr.hr_bono"/>
            <field name="condition_select">none</field>
            <field name="amount_select">code</field>
            <field name="amount_python_compute">
result = calculo_bono_antiguedad_anterior(payslip)
            </field>
            <field name="struct_id" ref="l10n_bo_hr.base_retroactivo"/>
        </record>

        <record id="hr_retro_incre" model="hr.salary.rule">
            <field name="name">Total con incremento</field>
            <field name="sequence" eval="6"/>
            <field name="code">INCRE</field>
            <field name="category_id" ref="l10n_bo_hr.GROSSBO"/>
            <field name="condition_select">none</field>
            <field name="amount_select">code</field>
            <field name="amount_python_compute">
if categories.BASICBO &gt; min_wage_ant:
    result = categories.BASICBO + basico_anterior_min(payslip, categories.BASICBO)
else:
    result = categories.BASICBO + basico_anterior_max(payslip, categories.BASICBO)
            </field>
            <field name="struct_id" ref="l10n_bo_hr.base_retroactivo"/>
        </record>
        <!-- Enero -->
        <record id="hr_rule_retro_enero" model="hr.salary.rule">
            <field name="name">Retroactivo Enero</field>
            <field name="sequence">7</field>
            <field name="code">RETRO_EN</field>
            <field name="appears_on_payslip" eval="True"></field>
            <field name="category_id" ref="l10n_bo_hr.hr_bono"/>
            <field name="condition_select">none</field>
            <field name="amount_select">code</field>
            <field name="amount_python_compute">
result = INCRE - categories.BASICBO
            </field>
            <field name="struct_id" ref="l10n_bo_hr.base_retroactivo"/>
        </record>

        <record id="hr_rule_retro_enero_ant" model="hr.salary.rule">
            <field name="name">Retroactivo Enero Antiguedad</field>
            <field name="sequence">8</field>
            <field name="code">RETRO_ENAN</field>
            <field name="appears_on_payslip" eval="True"></field>
            <field name="category_id" ref="l10n_bo_hr.hr_bono"/>
            <field name="condition_select">none</field>
            <field name="amount_select">code</field>
            <field name="amount_python_compute">
result = calculo_bono_antiguedad(payslip) - BONO_ANAN
            </field>
            <field name="struct_id" ref="l10n_bo_hr.base_retroactivo"/>
        </record>

        <!-- Febrero -->
        <record id="hr_rule_retro_febrero" model="hr.salary.rule">
            <field name="name">Retroactivo Febrero</field>
            <field name="sequence">9</field>
            <field name="code">RETRO_FE</field>
            <field name="appears_on_payslip" eval="True"></field>
            <field name="category_id" ref="l10n_bo_hr.hr_bono"/>
            <field name="condition_select">none</field>
            <field name="amount_select">code</field>
            <field name="amount_python_compute">
result = INCRE - categories.BASICBO
            </field>
            <field name="struct_id" ref="l10n_bo_hr.base_retroactivo"/>
        </record>

        <record id="hr_rule_retro_febrero_ant" model="hr.salary.rule">
            <field name="name">Retroactivo Febrero Antiguedad</field>
            <field name="sequence">10</field>
            <field name="code">RETRO_FEAN</field>
            <field name="appears_on_payslip" eval="True"></field>
            <field name="category_id" ref="l10n_bo_hr.hr_bono"/>
            <field name="condition_select">none</field>
            <field name="amount_select">code</field>
            <field name="amount_python_compute">
result = calculo_bono_antiguedad(payslip) - BONO_ANAN
            </field>
            <field name="struct_id" ref="l10n_bo_hr.base_retroactivo"/>
        </record>

        <!-- Marzo -->
        <record id="hr_rule_retro_marzo" model="hr.salary.rule">
            <field name="name">Retroactivo Marzo</field>
            <field name="sequence">11</field>
            <field name="code">RETRO_MA</field>
            <field name="appears_on_payslip" eval="True"></field>
            <field name="category_id" ref="l10n_bo_hr.hr_bono"/>
            <field name="condition_select">none</field>
            <field name="amount_select">code</field>
            <field name="amount_python_compute">
result = INCRE - categories.BASICBO
            </field>
            <field name="struct_id" ref="l10n_bo_hr.base_retroactivo"/>
        </record>

        <record id="hr_rule_retro_marzo_ant" model="hr.salary.rule">
            <field name="name">Retroactivo Marzo Antiguedad</field>
            <field name="sequence">12</field>
            <field name="code">RETRO_MAAN</field>
            <field name="appears_on_payslip" eval="True"></field>
            <field name="category_id" ref="l10n_bo_hr.hr_bono"/>
            <field name="condition_select">none</field>
            <field name="amount_select">code</field>
            <field name="amount_python_compute">
result = calculo_bono_antiguedad(payslip) - BONO_ANAN
            </field>
            <field name="struct_id" ref="l10n_bo_hr.base_retroactivo"/>
        </record>

        <!-- Abril -->
        <record id="hr_rule_retro_abril" model="hr.salary.rule">
            <field name="name">Retroactivo Abril</field>
            <field name="sequence">13</field>
            <field name="code">RETRO_AB</field>
            <field name="appears_on_payslip" eval="True"></field>
            <field name="category_id" ref="l10n_bo_hr.hr_bono"/>
            <field name="condition_select">none</field>
            <field name="amount_select">code</field>
            <field name="amount_python_compute">
result = INCRE - categories.BASICBO
            </field>
            <field name="struct_id" ref="l10n_bo_hr.base_retroactivo"/>
        </record>

        <record id="hr_rule_retro_abril_ant" model="hr.salary.rule">
            <field name="name">Retroactivo Abril Antiguedad</field>
            <field name="sequence">14</field>
            <field name="code">RETRO_ABAN</field>
            <field name="appears_on_payslip" eval="True"></field>
            <field name="category_id" ref="l10n_bo_hr.hr_bono"/>
            <field name="condition_select">none</field>
            <field name="amount_select">code</field>
            <field name="amount_python_compute">
result = calculo_bono_antiguedad(payslip) - BONO_ANAN
            </field>
            <field name="struct_id" ref="l10n_bo_hr.base_retroactivo"/>
        </record>

        <!-- Total -->

        <record id="hr_rule_total_retro" model="hr.salary.rule">
            <field name="name">Total Retroactivo Enero a Abril</field>
            <field name="sequence">15</field>
            <field name="code">TOT_RETRO</field>
            <field name="appears_on_payslip" eval="True"></field>
            <field name="category_id" ref="l10n_bo_hr.hr_bono"/>
            <field name="condition_select">none</field>
            <field name="amount_select">code</field>
            <field name="amount_python_compute">
result = RETRO_EN + RETRO_FE + RETRO_MA + RETRO_AB
            </field>
            <field name="struct_id" ref="l10n_bo_hr.base_retroactivo"/>
        </record>

        <record id="hr_rule_total_retro_ant" model="hr.salary.rule">
            <field name="name">Total Retroactivo Antiguedad Enero a Abril</field>
            <field name="sequence">16</field>
            <field name="code">TOT_RETROAN</field>
            <field name="appears_on_payslip" eval="True"></field>
            <field name="category_id" ref="l10n_bo_hr.hr_bono"/>
            <field name="condition_select">none</field>
            <field name="amount_select">code</field>
            <field name="amount_python_compute">
result = RETRO_ENAN + RETRO_FEAN + RETRO_MAAN + RETRO_ABAN
            </field>
            <field name="struct_id" ref="l10n_bo_hr.base_retroactivo"/>
        </record>

        <record id="hr_rule_total_retro_ant_t" model="hr.salary.rule">
            <field name="name">Total Retroactivo</field>
            <field name="sequence">17</field>
            <field name="code">TOT_RETROANT</field>
            <field name="appears_on_payslip" eval="True"></field>
            <field name="category_id" ref="l10n_bo_hr.hr_bono"/>
            <field name="condition_select">none</field>
            <field name="amount_select">code</field>
            <field name="amount_python_compute">
result = TOT_RETRO + TOT_RETROAN
            </field>
            <field name="struct_id" ref="l10n_bo_hr.base_retroactivo"/>
        </record>

        <record id="hr_rule_total_retro_afp" model="hr.salary.rule">
            <field name="name">Total Retroactivo GESTORA</field>
            <field name="sequence">18</field>
            <field name="code">TOT_AFP_RETRO</field>
            <field name="appears_on_payslip" eval="True"></field>
            <field name="category_id" ref="l10n_bo_hr.hr_bono"/>
            <field name="condition_select">none</field>
            <field name="amount_select">code</field>
            <field name="amount_python_compute">
result = TOT_RETROANT*0.1271
            </field>
            <field name="struct_id" ref="l10n_bo_hr.base_retroactivo"/>
        </record>

        <record id="hr_rule_pagable_retro" model="hr.salary.rule">
            <field name="name">Liquido Pagable</field>
            <field name="sequence">19</field>
            <field name="code">LIQ_PAGABLE</field>
            <field name="appears_on_payslip" eval="True"></field>
            <field name="category_id" ref="l10n_bo_hr.hr_bono"/>
            <field name="condition_select">none</field>
            <field name="amount_select">code</field>
            <field name="amount_python_compute">
result = TOT_RETROANT - TOT_AFP_RETRO
            </field>
            <field name="struct_id" ref="l10n_bo_hr.base_retroactivo"/>
        </record>

    </data>
</odoo>
