<?xml version="1.0" encoding="UTF-8"?>
<odoo>
    <data noupdate="0">
        <!-- Estructuras Salariales -->
        <record id="base_retroactivo12" model="hr.payroll.structure">
            <field name="code">RETRO-BOL12</field>
            <field name="name">RETROACTIVO12</field>
            <field name="type_id" ref="l10n_bo_hr.hr_payroll_salary_structure_type_bo"/>
            <field name="country_id" ref="base.bo"/>
        </record>

        <record id="hr_rule_basic_retro12" model="hr.salary.rule">
            <field name="name">Salario Básico12</field>
            <field name="sequence" eval="0"/>
            <field name="code">BASICBO12</field>
            <field name="category_id" ref="l10n_bo_hr.BASICBO"/>
            <field name="condition_select">none</field>
            <field name="amount_select">code</field>
            <field name="amount_python_compute">result = payslip.contract_id.x_studio_salario_12</field>
            <field name="struct_id" ref="l10n_bo_hr_urruti.base_retroactivo12"/>
        </record>

        <record id="hr_rule_min_wage_retro12" model="hr.salary.rule">
            <field name="name">Sueldo Minimo Anterior12</field>
            <field name="sequence">1</field>
            <field name="code">min_wage_ant12</field>
            <field name="appears_on_payslip" eval="False"></field>
            <field name="category_id" ref="l10n_bo_hr.hr_const"/>
            <field name="condition_select">none</field>
            <field name="amount_select">code</field>
            <field name="amount_python_compute">result = contract.company_id.sueldo_min_ant</field>
            <field name="struct_id" ref="l10n_bo_hr_urruti.base_retroactivo12"/>
        </record>

        <record id="hr_rule_bono_a_retro12" model="hr.salary.rule">
            <field name="name">Bono Antiguedad Anterior12</field>
            <field name="sequence">2</field>
            <field name="code">BONO_ANAN12</field>
            <field name="appears_on_payslip" eval="True"></field>
            <field name="category_id" ref="l10n_bo_hr.hr_bono"/>
            <field name="condition_select">none</field>
            <field name="amount_select">code</field>
            <field name="amount_python_compute">
result = calculo_bono_antiguedad_anterior(payslip)
            </field>
            <field name="struct_id" ref="l10n_bo_hr_urruti.base_retroactivo12"/>
        </record>

        <record id="hr_retro_incre12" model="hr.salary.rule">
            <field name="name">Total con incremento12</field>
            <field name="sequence" eval="3"/>
            <field name="code">INCRE12</field>
            <field name="category_id" ref="l10n_bo_hr.GROSSBO"/>
            <field name="condition_select">none</field>
            <field name="amount_select">code</field>
            <field name="amount_python_compute">
if BASICBO12 &gt; min_wage_ant12:
    result = BASICBO12 + basico_anterior_min_ss(payslip, BASICBO12, 's12')
else:
    result = BASICBO12 + basico_anterior_max_ss(payslip, BASICBO12, 's12')
            </field>
            <field name="struct_id" ref="l10n_bo_hr_urruti.base_retroactivo12"/>
        </record>
        <!-- Enero -->
        <record id="hr_rule_retro_enero12" model="hr.salary.rule">
            <field name="name">Retroactivo Enero12</field>
            <field name="sequence">4</field>
            <field name="code">RETRO_EN12</field>
            <field name="appears_on_payslip" eval="True"></field>
            <field name="category_id" ref="l10n_bo_hr.hr_bono"/>
            <field name="condition_select">none</field>
            <field name="amount_select">code</field>
            <field name="amount_python_compute">
result = INCRE12 - BASICBO12
            </field>
            <field name="struct_id" ref="l10n_bo_hr_urruti.base_retroactivo12"/>
        </record>

        <record id="hr_rule_retro_enero_ant12" model="hr.salary.rule">
            <field name="name">Retroactivo Enero Antiguedad12</field>
            <field name="sequence">5</field>
            <field name="code">RETRO_ENAN12</field>
            <field name="appears_on_payslip" eval="True"></field>
            <field name="category_id" ref="l10n_bo_hr.hr_bono"/>
            <field name="condition_select">none</field>
            <field name="amount_select">code</field>
            <field name="amount_python_compute">
result = calculo_bono_antiguedad(payslip) - BONO_ANAN12
            </field>
            <field name="struct_id" ref="l10n_bo_hr_urruti.base_retroactivo12"/>
        </record>

        <!-- Febrero -->
        <record id="hr_rule_retro_febrero12" model="hr.salary.rule">
            <field name="name">Retroactivo Febrero12</field>
            <field name="sequence">6</field>
            <field name="code">RETRO_FE12</field>
            <field name="appears_on_payslip" eval="True"></field>
            <field name="category_id" ref="l10n_bo_hr.hr_bono"/>
            <field name="condition_select">none</field>
            <field name="amount_select">code</field>
            <field name="amount_python_compute">
result = INCRE12 - BASICBO12
            </field>
            <field name="struct_id" ref="l10n_bo_hr_urruti.base_retroactivo12"/>
        </record>

        <record id="hr_rule_retro_febrero_ant12" model="hr.salary.rule">
            <field name="name">Retroactivo Febrero Antiguedad12</field>
            <field name="sequence">7</field>
            <field name="code">RETRO_FEAN12</field>
            <field name="appears_on_payslip" eval="True"></field>
            <field name="category_id" ref="l10n_bo_hr.hr_bono"/>
            <field name="condition_select">none</field>
            <field name="amount_select">code</field>
            <field name="amount_python_compute">
result = calculo_bono_antiguedad(payslip) - BONO_ANAN12
            </field>
            <field name="struct_id" ref="l10n_bo_hr_urruti.base_retroactivo12"/>
        </record>

        <!-- Marzo -->
        <record id="hr_rule_retro_marzo12" model="hr.salary.rule">
            <field name="name">Retroactivo Marzo12</field>
            <field name="sequence">8</field>
            <field name="code">RETRO_MA12</field>
            <field name="appears_on_payslip" eval="True"></field>
            <field name="category_id" ref="l10n_bo_hr.hr_bono"/>
            <field name="condition_select">none</field>
            <field name="amount_select">code</field>
            <field name="amount_python_compute">
result = INCRE12 - BASICBO12
            </field>
            <field name="struct_id" ref="l10n_bo_hr_urruti.base_retroactivo12"/>
        </record>

        <record id="hr_rule_retro_marzo_ant12" model="hr.salary.rule">
            <field name="name">Retroactivo Marzo Antiguedad12</field>
            <field name="sequence">9</field>
            <field name="code">RETRO_MAAN12</field>
            <field name="appears_on_payslip" eval="True"></field>
            <field name="category_id" ref="l10n_bo_hr.hr_bono"/>
            <field name="condition_select">none</field>
            <field name="amount_select">code</field>
            <field name="amount_python_compute">
result = calculo_bono_antiguedad(payslip) - BONO_ANAN12
            </field>
            <field name="struct_id" ref="l10n_bo_hr_urruti.base_retroactivo12"/>
        </record>

        <!-- Abril -->
        <record id="hr_rule_retro_abril12" model="hr.salary.rule">
            <field name="name">Retroactivo Abril12</field>
            <field name="sequence">10</field>
            <field name="code">RETRO_AB12</field>
            <field name="appears_on_payslip" eval="True"></field>
            <field name="category_id" ref="l10n_bo_hr.hr_bono"/>
            <field name="condition_select">none</field>
            <field name="amount_select">code</field>
            <field name="amount_python_compute">
result = INCRE12 - BASICBO12
            </field>
            <field name="struct_id" ref="l10n_bo_hr_urruti.base_retroactivo12"/>
        </record>

        <record id="hr_rule_retro_abril_ant12" model="hr.salary.rule">
            <field name="name">Retroactivo Abril Antiguedad12</field>
            <field name="sequence">11</field>
            <field name="code">RETRO_ABAN12</field>
            <field name="appears_on_payslip" eval="True"></field>
            <field name="category_id" ref="l10n_bo_hr.hr_bono"/>
            <field name="condition_select">none</field>
            <field name="amount_select">code</field>
            <field name="amount_python_compute">
result = calculo_bono_antiguedad(payslip) - BONO_ANAN12
            </field>
            <field name="struct_id" ref="l10n_bo_hr_urruti.base_retroactivo12"/>
        </record>

        <!-- Total -->

        <record id="hr_rule_total_retro12" model="hr.salary.rule">
            <field name="name">Total Retroactivo Enero a Abril12</field>
            <field name="sequence">12</field>
            <field name="code">TOT_RETRO12</field>
            <field name="appears_on_payslip" eval="True"></field>
            <field name="category_id" ref="l10n_bo_hr.hr_bono"/>
            <field name="condition_select">none</field>
            <field name="amount_select">code</field>
            <field name="amount_python_compute">
result = RETRO_EN12 + RETRO_FE12 + RETRO_MA12 + RETRO_AB12
            </field>
            <field name="struct_id" ref="l10n_bo_hr_urruti.base_retroactivo12"/>
        </record>

        <record id="hr_rule_total_retro_ant12" model="hr.salary.rule">
            <field name="name">Total Retroactivo Antiguedad Enero a Abril12</field>
            <field name="sequence">13</field>
            <field name="code">TOT_RETROAN12</field>
            <field name="appears_on_payslip" eval="True"></field>
            <field name="category_id" ref="l10n_bo_hr.hr_bono"/>
            <field name="condition_select">none</field>
            <field name="amount_select">code</field>
            <field name="amount_python_compute">
result = RETRO_ENAN12 + RETRO_FEAN12 + RETRO_MAAN12 + RETRO_ABAN12
            </field>
            <field name="struct_id" ref="l10n_bo_hr_urruti.base_retroactivo12"/>
        </record>

        <record id="hr_rule_total_retro_ant_t12" model="hr.salary.rule">
            <field name="name">Total Retroactivo12</field>
            <field name="sequence">14</field>
            <field name="code">TOT_RETROANT12</field>
            <field name="appears_on_payslip" eval="True"></field>
            <field name="category_id" ref="l10n_bo_hr.hr_bono"/>
            <field name="condition_select">none</field>
            <field name="amount_select">code</field>
            <field name="amount_python_compute">
result = TOT_RETRO12 + TOT_RETROAN12
            </field>
            <field name="struct_id" ref="l10n_bo_hr_urruti.base_retroactivo12"/>
        </record>

        <record id="hr_rule_total_retro_afp12" model="hr.salary.rule">
            <field name="name">Total Retroactivo AFP12</field>
            <field name="sequence">15</field>
            <field name="code">TOT_AFP_RETRO12</field>
            <field name="appears_on_payslip" eval="True"></field>
            <field name="category_id" ref="l10n_bo_hr.hr_bono"/>
            <field name="condition_select">none</field>
            <field name="amount_select">code</field>
            <field name="amount_python_compute">
result = TOT_RETROANT12*0.1271
            </field>
            <field name="struct_id" ref="l10n_bo_hr_urruti.base_retroactivo12"/>
        </record>

        <record id="hr_rule_pagable_retro12" model="hr.salary.rule">
            <field name="name">Liquido Pagable12</field>
            <field name="sequence">16</field>
            <field name="code">LIQ_PAGABLE12</field>
            <field name="appears_on_payslip" eval="True"></field>
            <field name="category_id" ref="l10n_bo_hr.hr_bono"/>
            <field name="condition_select">none</field>
            <field name="amount_select">code</field>
            <field name="amount_python_compute">
result = TOT_RETROANT12 - TOT_AFP_RETRO12
            </field>
            <field name="struct_id" ref="l10n_bo_hr_urruti.base_retroactivo12"/>
        </record>

    </data>
</odoo>
