<?xml version="1.0" encoding="utf-8"?>
<odoo>
    <data noupdate="1">
        <record id="base_element_record_1" model="base.element">
            <field name="name">Operario</field>
            <field name="description">Operario</field>
        </record>
        <record id="base_element_record_2" model="base.element">
            <field name="name">Funcionario</field>
            <field name="description">Funcionario</field>
        </record>
        <record id="base_element_record_3" model="base.element">
            <field name="name">Área</field>
            <field name="description">Área</field>
        </record>
        <record id="base_element_record_4" model="base.element">
            <field name="name">Baño</field>
            <field name="description">Baño</field>
        </record>
        <record id="base_element_record_5" model="base.element">
            <field name="name">Inodoro</field>
            <field name="description">Inodoro</field>
        </record>
        <record id="base_element_record_6" model="base.element">
            <field name="name">Cocina</field>
            <field name="description">Cocina</field>
        </record>
        <record id="base_element_record_7" model="base.element">
            <field name="name">Basurero</field>
            <field name="description">Basurero</field>
        </record>
        <record id="base_element_record_8" model="base.element">
            <field name="name">Variable</field>
            <field name="description">Variable</field>
        </record>
        <record id="base_element_record_9" model="base.element">
            <field name="name">Lavadora</field>
            <field name="description">Lavadora</field>
        </record>
        <record id="base_element_record_10" model="base.element">
            <field name="name">Lustradora</field>
            <field name="description">Lustradora</field>
        </record>
        <record id="base_element_record_11" model="base.element">
            <field name="name">Limpiavidrios</field>
            <field name="description">Limpiavidrios</field>
        </record>
        <record id="base_element_record_11" model="base.element">
            <field name="name">Supervisor Fijo</field>
            <field name="description">Supervisor Fijo</field>
        </record>
    </data>
</odoo>