<?xml version="1.0" encoding="utf-8"?>
<odoo>
    <data noupdate="1">
        <record id="city_record_1" model="city.city">
            <field name="name">Riberalta</field>
            <field name="description">La Perla del Manutata</field>
        </record>
        <record id="city_record_2" model="city.city">
            <field name="name">Santa Cruz</field>
            <field name="description">El cielo más puro de América</field>
        </record>
        <record id="city_record_3" model="city.city">
            <field name="name">La Paz</field>
            <field name="description">Ciudad Maravilla</field>
        </record>
        <record id="city_record_4" model="city.city">
            <field name="name">Cochabamba</field>
            <field name="description">Cochabamba</field>
        </record>
    </data>
</odoo>