<?xml version="1.0" encoding="utf-8"?>
<odoo>
    <data noupdate="1">
        <record id="condition_record_1" model="condition.condition">
            <field name="name">NOR</field>
            <field name="description">Condiciones Normales</field>
        </record>
        <record id="condition_record_2" model="condition.condition">
            <field name="name">EXC</field>
            <field name="description">Ítems que sólo se aplican en casos excepcionales.</field>
        </record>
        <record id="condition_record_3" model="condition.condition">
            <field name="name">P01</field>
            <field name="description">Ítems para los siguientes pisos: Granito, Vinil, Mosaico</field>
        </record>
        <record id="condition_record_4" model="condition.condition">
            <field name="name">P02</field>
            <field name="description">Ítems para los siguientes pisos: Cerámica Roja</field>
        </record>
        <record id="condition_record_5" model="condition.condition">
            <field name="name">P03</field>
            <field name="description">Ítems para los siguientes pisos: Madera</field>
        </record>
        <record id="condition_record_6" model="condition.condition">
            <field name="name">A01</field>
            <field name="description">Ítems para: Alfombras</field>
        </record>
        <record id="condition_record_7" model="condition.condition">
            <field name="name">H01</field>
            <field name="description">Ítems sólo en caso de que se marque la opción con Material Higiénico</field>
        </record>
        <record id="condition_record_8" model="condition.condition">
            <field name="name">M01</field>
            <field name="description">Ítem para muebles de cuero</field>
        </record>
        <record id="condition_record_9" model="condition.condition">
            <field name="name">H02</field>
            <field name="description">Ítems sólo en caso de basureros de colores y basureros grandes</field>
        </record>
        <record id="condition_record_10" model="condition.condition">
            <field name="name">SGA</field>
            <field name="description">Ítems en caso de seleccionar Bioseguridad Alto Riesgo</field>
        </record>
        <record id="condition_record_11" model="condition.condition">
            <field name="name">SGI</field>
            <field name="description">Ítems en caso de seleccionar Seguridad Industrial</field>
        </record>
    </data>
</odoo>