<?xml version="1.0" encoding="utf-8"?>
<odoo>
    <data noupdate="1">
        <record id="furniture_record_1" model="furniture.piece">
            <field name="name">Cuero</field>
            <field name="description">Cuero</field>
        </record>
        <record id="furniture_record_2" model="furniture.piece">
            <field name="name">Madera</field>
            <field name="description">Madera</field>
        </record>
        <record id="furniture_record_3" model="furniture.piece">
            <field name="name">Melamina</field>
            <field name="description">Melamina</field>
        </record>
        <record id="furniture_record_4" model="furniture.piece">
            <field name="name">Tapiz</field>
            <field name="description">Tapiz</field>
        </record>
        <record id="furniture_record_5" model="furniture.piece">
            <field name="name">Otro</field>
            <field name="description">Otro</field>
        </record>
    </data>
</odoo>