<?xml version="1.0" encoding="utf-8"?>
<odoo>
    <data noupdate="1">
        <record id="machinery_record_1" model="machinery.machinery">
            <field name="name">Aspiradora polv</field>
            <field name="description">des1</field>
        </record>
        <record id="machinery_record_2" model="machinery.machinery">
            <field name="name">Aspiradora vial</field>
            <field name="description">des2</field>
        </record>
        <record id="machinery_record_3" model="machinery.machinery">
            <field name="name">Alfa Mini</field>
            <field name="description">des2</field>
        </record>
    </data>
</odoo>
