<?xml version="1.0" encoding="utf-8"?>
<odoo>
    <data noupdate="1">
        <record id="COPE_1" model="quote.type.operator">
            <field name="name">OPERARIO DE 4 HORAS</field>
            <field name="operator_type">COPE</field>
        </record>
        <record id="COPE_2" model="quote.type.operator">
            <field name="name">OPERARIO DE 8 HORAS</field>
            <field name="operator_type">COPE</field>
        </record>
        <record id="COPE_3" model="quote.type.operator">
            <field name="name">OPERARIO HOSPITAL/CLINICA/CENTRO DE SALUD 8 HORAS</field>
            <field name="operator_type">COPE</field>
        </record>
        <record id="COPE_4" model="quote.type.operator">
            <field name="name">OPERARIO DE 10 HORAS</field>
            <field name="operator_type">COPE</field>
        </record>
        <record id="COPE_5" model="quote.type.operator">
            <field name="name">OPERARIO DE 12 HORAS</field>
            <field name="operator_type">COPE</field>
        </record>
        <record id="temporary_resumen_1" model="quote.type.operator">
            <field name="name">OPERARIO EVENTUAL DE 4 HORAS</field>
            <field name="operator_type">temporary_resumen</field>
        </record>
        <record id="temporary_resumen_2" model="quote.type.operator">
            <field name="name">OPERARIO EVENTUAL DE 8 HORAS</field>
            <field name="operator_type">temporary_resumen</field>
        </record>

        <record id="temporary_resumen_3" model="quote.type.operator">
            <field name="name">OPERARIO EVENTUAL DE 12 HORAS</field>
            <field name="operator_type">temporary_resumen</field>
        </record>

        <record id="supervis_resumen_1" model="quote.type.operator">
            <field name="name">SUPERVISOR DIA O NOCHE 12 HORAS</field>
            <field name="operator_type">supervis_resumen</field>
        </record>

        <record id="supervis_resumen_2" model="quote.type.operator">
            <field name="name">SUPERVISOR DIA O NOCHE 12 HORAS</field>
            <field name="operator_type">supervis_resumen</field>
        </record>

        <record id="supervis_resumen_3" model="quote.type.operator">
            <field name="name">SUPERVISOR MOVIL</field>
            <field name="operator_type">supervis_resumen</field>
        </record>

        <record id="cubrelibres_resumen_1" model="quote.type.operator">
            <field name="name">OPERARIO CUBRE LIBRE DE 4 HRS</field>
            <field name="operator_type">cubrelibres_resumen</field>
        </record>
        <record id="cubrelibres_resumen_2" model="quote.type.operator">
            <field name="name">OPERARIO CUBRE LIBRE DE 8 HRS</field>
            <field name="operator_type">cubrelibres_resumen</field>
        </record>
        <record id="cubrelibres_resumen_3" model="quote.type.operator">
            <field name="name">OPERARIO CUBRE LIBRE DE 10 HRS</field>
            <field name="operator_type">cubrelibres_resumen</field>
        </record>
        <record id="cubrelibres_resumen_4" model="quote.type.operator">
            <field name="name">OPERARIO CUBRE LIBRE DE 12 HRS</field>
            <field name="operator_type">cubrelibres_resumen</field>
        </record>
        
    </data>
</odoo>
