<?xml version="1.0" encoding="utf-8"?>
<odoo>
    <data noupdate="1">
        <record id="otro_record_1" model="otro.otro">
            <field name="name">Cocinas</field>
            <field name="description">Cocinas</field>
        </record>
        <record id="otro_record_2" model="otro.otro">
            <field name="name">Cocineta</field>
            <field name="description">Cocineta</field>
        </record>
        <record id="otro_record_3" model="otro.otro">
            <field name="name">Ascensores</field>
            <field name="description">Ascensores</field>
        </record>
        <record id="otro_record_4" model="otro.otro">
            <field name="name">Gradas</field>
            <field name="description">Gradas</field>
        </record>
        <record id="otro_record_5" model="otro.otro">
            <field name="name">Basurero Contenedor</field>
            <field name="description">Basurero Contenedor</field>
        </record>
    </data>
</odoo>