<?xml version="1.0" encoding="utf-8"?>
<odoo>
    <data noupdate="1">
        <record id="piso_record_1" model="piso.piso">
            <field name="name">Porcelanato</field>
            <field name="description">Porcelanato</field>
        </record>
        <record id="piso_record_2" model="piso.piso">
            <field name="name">Cerámica Esmaltada</field>
            <field name="description">Cerámica Esmaltada</field>
        </record>
        <record id="piso_record_3" model="piso.piso">
            <field name="name">Granito</field>
            <field name="description">Granito</field>
        </record>
        <record id="piso_record_4" model="piso.piso">
            <field name="name">Vinil</field>
            <field name="description">Vinil</field>
        </record>
        <record id="piso_record_5" model="piso.piso">
            <field name="name">Mosaico</field>
            <field name="description">Mosaico</field>
        </record>
        <record id="piso_record_6" model="piso.piso">
            <field name="name">Madera</field>
            <field name="description">Madera</field>
        </record>
        <record id="piso_record_7" model="piso.piso">
            <field name="name">EditicioMármol</field>
            <field name="description">EditicioMármol</field>
        </record>
        <record id="piso_record_8" model="piso.piso">
            <field name="name">Céramica Roja</field>
            <field name="description">Céramica Roja</field>
        </record>
        <record id="piso_record_9" model="piso.piso">
            <field name="name">Cemento</field>
            <field name="description">Cemento</field>
        </record>
        <record id="piso_record_10" model="piso.piso">
            <field name="name">Ladrillo</field>
            <field name="description">Ladrillo</field>
        </record>
        <record id="piso_record_11" model="piso.piso">
            <field name="name">Flotante</field>
            <field name="description">Flotante</field>
        </record>
        <record id="piso_record_12" model="piso.piso">
            <field name="name">Piso Pac</field>
            <field name="description">Piso Pac</field>
        </record>
    </data>
</odoo>