id,name,model_id:id,group_id:id,perm_read,perm_write,perm_create,perm_unlink
access_payroll_ministry,access_payroll_ministry,model_payroll_ministry,base.group_user,1,1,1,1
access_payroll_afp,access_payroll_afp,model_payroll_afp,base.group_user,1,1,1,1
access_payroll_rciva,access_payroll_rciva,model_payroll_rciva,base.group_user,1,1,1,1
access_payroll_aportes,access_payroll_aportes,model_payroll_aportes,base.group_user,1,1,1,1
access_payroll_aguinaldo,access_payroll_aguinaldo,model_payroll_aguinaldo,base.group_user,1,1,1,1
access_hr_rciva,access_hr_rciva,model_hr_rciva,base.group_user,1,1,1,1
access_hr_bono_antiguedad,access_hr_bono_antiguedad,model_hr_bono_antiguedad,base.group_user,1,1,1,1
access_hr_bono_plantilla,access_hr_bono_plantilla,model_hr_bono_plantilla,base.group_user,1,1,1,1
access_hr_bono_contract,access_hr_bono_contract,model_hr_bono_contract,base.group_user,1,1,1,1
access_hr_adelantos,access_hr_adelantos,model_hr_adelantos,base.group_user,1,1,1,1
access_hr_adelantos_config,access_hr_adelantos_config,model_hr_adelantos_config,base.group_user,1,1,1,1
access_hr_prestamos_config,access_hr_prestamos_config,model_hr_prestamos_config,base.group_user,1,1,1,1
access_hr_prestamos,access_hr_prestamos,model_hr_prestamos,base.group_user,1,1,1,1
access_hr_prestamos_line,access_hr_prestamos_line,model_hr_prestamos_line,base.group_user,1,1,1,1
access_hr_finiquito_other,access_hr_finiquito_other,model_hr_finiquito_other,base.group_user,1,1,1,1
access_hr_finiquito_benefit,access_hr_finiquito_benefit,model_hr_finiquito_benefit,base.group_user,1,1,1,1
access_hr_finiquito_deductions,access_hr_finiquito_deductions,model_hr_finiquito_deductions,base.group_user,1,1,1,1
access_hr_finiquito,access_hr_finiquito,model_hr_finiquito,base.group_user,1,1,1,1
access_hr_horas_extra,access_hr_horas_extra,model_hr_horas_extra,base.group_user,1,1,1,1
access_hr_memo,hr.memo,model_hr_memo,hr.group_hr_manager,1,1,1,0
access_hr_memo_template,hr.memo.template,model_hr_memo_template,hr.group_hr_manager,1,1,1,0
access_hr_memo_type,hr.memo.type,model_hr_memo_type,hr.group_hr_manager,1,1,1,0
access_hr_memo,hr.memo,model_hr_memo,base.group_user,1,1,1,0
access_hr_memo_user,hr.memo,model_hr_memo,hr.group_hr_user,1,0,0,0
access_hr_memo_template_user,hr.memo.template,model_hr_memo_template,hr.group_hr_user,1,0,0,0
access_hr_memo_type_user,hr.memo.type,model_hr_memo_type,hr.group_hr_user,1,0,0,0
access_reprogramar_prestamo,reprogramar_prestamo,model_reprogramar_prestamo,hr.group_hr_user,1,1,1,1
access_adelantar_prestamo,adelantar_prestamo,model_adelantar_prestamo,hr.group_hr_user,1,1,1,1
access_adelantar_prestamo_line,adelantar_prestamo_line,model_adelantar_prestamo_line,hr.group_hr_user,1,1,1,1
access_hr_payslip_analytic,hr_payslip_analytic,model_hr_payslip_analytic,hr.group_hr_user,1,1,1,1
access_hr_adelantos_inputs,hr_adelantos_inputs,model_hr_adelantos_inputs,hr.group_hr_user,1,1,1,1
access_hr_prestamos_inputs,hr_prestamos_inputs,model_hr_prestamos_inputs,hr.group_hr_user,1,1,1,1
access_employee_analityc_pay,employee_analityc_pay,model_employee_analityc_pay,hr.group_hr_user,1,1,1,1
access_hr_payslip_input_massive,hr_payslip_input_massive,model_hr_payslip_input_massive,hr.group_hr_user,1,1,1,1
access_hr_retroactivo_data,hr_retroactivo_data,model_hr_retroactivo_data,hr.group_hr_user,1,1,1,1
access_actualizar_salario,actualizar_salario,model_actualizar_salario,hr.group_hr_user,1,1,1,1