id,name,model_id:id,group_id:id,perm_read,perm_write,perm_create,perm_unlink
access_city_city,access.city.city,model_city_city,base.group_user,1,1,1,1
access_location_type,access.location.type,model_location_type,base.group_user,1,1,1,1
access_piso_piso,access.piso.piso,model_piso_piso,base.group_user,1,1,1,1
access_alfombra_alfombra,access.alfombra.alfombra,model_alfombra_alfombra,base.group_user,1,1,1,1
access_vidrio_vidrio,access.vidrio.vidrio,model_vidrio_vidrio,base.group_user,1,1,1,1
access_furniture_piece,access.furniture.piece,model_furniture_piece,base.group_user,1,1,1,1
access_otro_otro,access.otro.otro,model_otro_otro,base.group_user,1,1,1,1
access_condition_condition,access.condition.condition,model_condition_condition,base.group_user,1,1,1,1
access_base_element,access.base.element,model_base_element,base.group_user,1,1,1,1
access_machinery_machinery,access.machinery.machinery,model_machinery_machinery,base.group_user,1,1,1,1
access_draft_quotation,access.draft.quotation,model_draft_quotation,base.group_user,1,1,1,1
access_alfombra_lines,access.alfombra.lines,model_alfombra_lines,base.group_user,1,1,1,1
access_vidrio_lines,access.vidrio.lines,model_vidrio_lines,base.group_user,1,1,1,1
access_mueble_lines,access.vidrio.lines,model_mueble_lines,base.group_user,1,1,1,1
access_otro_lines,access.otro.lines,model_otro_lines,base.group_user,1,1,1,1
access_piso_lines,access.piso.lines,model_piso_lines,base.group_user,1,1,1,1
access_maquinaria_lines,access.maquinaria.lines,model_maquinaria_lines,base.group_user,1,1,1,1
access_locacione_lines,access.locacione.lines,model_locacione_lines,base.group_user,1,1,1,1
access_exclusione_lines,access.exclusione.lines,model_exclusione_lines,base.group_user,1,1,1,1
access_dq_wizard,access.dq.wizard,model_dq_wizard,base.group_user,1,1,1,1
access_product_list,access.product.list,model_product_list,base.group_user,1,1,1,1
access_product_type,access.product.type,model_product_type,base.group_user,1,1,1,1
access_banos_lines,access.banos.lines,model_banos_lines,base.group_user,1,1,1,1
access_operator_lines,access.operator.lines,model_operator_lines,base.group_user,1,1,1,1
access_quote_type_operator,access.quote.type.operator,model_quote_type_operator,base.group_user,1,1,1,1
access_operations_lines,access.operations.lines,model_operations_lines,base.group_user,1,1,1,1
access_product_formula_type,access.product.formula.type,model_product_formula_type,base.group_user,1,1,1,1
access_service_product,access.service.product,model_service_product,base.group_user,1,1,1,1
access_location_type,access.location.type,model_location_type,base.group_user,1,1,1,1

